{
  "date": "2020-11-20T21:08:08.453Z",
  "title": "5 Erros que DETONAM o seu cabelo ao fazer chapinha",
  "description": "Saiba quais são os principais erros ao pranchar o cabelo que você precisa evitar!",
  "body": "**Erro 1 - Pranchar muitas vezes a raiz**\\\n\\\nSe você faz escova progressiva provavelmente já tentou disfarçar a raiz que cresceu passando a chapinha.\\\n\\\nMas... pranchar essa área muitas vezes pode, além de estragar os fios (já que vai aquecê-los demais), deixar o cabelo com uma aparência **opaca e pesada**, uma vez que, vai espalhar a oleosidade da raiz pelo resto do cabelo.\\\n\\\n**Erro 2 - Pranchar o cabelo muito devagar**\\\n\\\nPassar a chapinha muito devagar **não vai deixar o cabelo mais liso**. O tempo em contato com o calor pode fazer os fios quebrarem e ficarem com aquele aspecto marcado com linhas.\\\n\\\n**Erro 3 - Passar a prancha reta**\\\n\\\nO movimento reto na hora de pranchar os fios pode deixar o cabelo com aquele ar chapado e com as pontas espigadas.\\\n\\\nGire levemente o punho ao chegar nas pontas, para evitar esse efeito e obter um liso mais natural.\\\n\\\n**Erro 4 - Pranchar com produtos inadequados**\\\n\\\nPranchar por cima do reparador de pontas, spray fixador, óleos com silicone e outros produtos no cabelo, não é uma boa ideia.\\\n\\\nVocê pode acabar estragando seu cabelo, já que os componentes desses produtos potencializam o calor.\\\n\\\nAlém disso, os fios ficarão com um aspecto oleoso e endurecido.\\\n\\\n**Erro 5 - Prender o cabelo depois de pranchar**\\\n\\\nPrender os fios enquanto eles ainda estão quentes pode deixá-los marcados. \\\n\\\nNão prenda o cabelo depois do alisamento, utilize presilhas ou grampos, que seguram o cabelo de forma mais suave.\\\n\\\n**Dica Bônus: Use um Desfrisante e Protetor Térmico**\\\n\\\nProtege os cabelos do calor do secador, da prancha e do atrito da escova.\n\nPara isso, temos o[ Brushing – Defrizante Luna System](https://www.qualityluna.com.br/brushing-defrisante-luna-system)!\n\n![](/img/uploads/brushing.jpg)\n\nProtege os cabelos do calor do secador, da prancha e do atrito da escova. Fortalece e realinha as cutículas deixando os cabelos lisos, macios e maleáveis, além de prolongar o efeito liso.\n\n[Garanta já o seu!](https://www.qualityluna.com.br/brushing-defrisante-luna-system)",
  "thumbnail": "/img/uploads/chapinha-estraga-o-cabelo.jpg",
  "meta_title": "Erros que você pode estar cometendo ao usar a chapinha",
  "meta_description": "Não erre nunca mais ao usar a chapinha!"
}