{
  "date": "2020-12-01T18:41:04.724Z",
  "title": "Benefícios da ampola no cabelo!",
  "description": "As ampolas são práticas e eficientes, ótimas para aqueles dias que você precisa dar um up nos fios mas está sem tempo de fazer uma hidratação caprichada.",
  "body": "<!--StartFragment-->\n\n![](https://1.bp.blogspot.com/-mzGfhLF3_BQ/Xeahpe4LIYI/AAAAAAAABaU/zTOgL35vOIcePevLNkhJAhKT8ucftYn4QCLcBGAsYHQ/s400/images%2B%252818%2529.jpg)\n\n\n\n\n\nAs ampolas de hidratação são feitas através de nanotecnologia: elas consistem de uma concentração enorme de partículas — vitaminas, nutrientes e minerais. \n\n\n\nEste produto consegue penetrar nas camadas capilares danificadas por excesso de química (como por tinturas e alisamentos). \n\n\n\nEssas partículas minúsculas conseguem melhorar a saúde do fio e, assim, deixá-lo mais hidratados em pouco tempo.\n\n\n\nAs ampolas de hidratação vão fazer a reposição de nutrientes perdidos e, assim, deixar o cabelo nutrido e bem macio.\n\n\n\n\n\n![](https://1.bp.blogspot.com/-Y7fJlGmmj9k/XeahM9AJVpI/AAAAAAAABaQ/UP6gUsDDzw8rMHPUL22WasxaxAzoV2VagCEwYBhgL/s400/queda-quebra.jpg)\n\n\n\n### Como usar as Ampolas?\n\nA maioria delas segue uma regra, mas é preciso seguir as orientações do fabricante, que geralmente vêm estampadas na embalagem.\n\n\n\n**Normalmente usa-se dessa forma:**\n\n\n\n1. Lave os cabelos, de preferência com um [shampoo antirresíduo](https://www.qualityluna.com.br/shampoo-purificante-500-ml) para limpar bem o couro cabeludo. Assim a ação do produto será mais eficaz. Enxágue bem.\n2. Em seguida, tire o excesso de água com uma toalha. Cuidado para não esfregar os fios, o que causa frizz. Aperte levemente os fios.\n3. Aplique todo o conteúdo da ampola nos cabelos úmidos do comprimento até as pontas, massageando mecha por mecha.\n4. Deixe agir por 5 minutos.\n5. Na hora de enxaguar evite a água quente, prefira a morninha.\n\n![](https://1.bp.blogspot.com/-yVa-gijulHI/Xeaj_1ks0wI/AAAAAAAABa0/bCu-nBIZzaw9j92CFeN_bA2tj6APGUSHgCLcBGAsYHQ/s400/como-usar-ampola.jpg)\n\n### Com qual frequência usar ampolas?\n\nFaça a hidratação com ampola uma vez por semana se os fios estiverem muito ressecados e danificados, ou a cada 15 dias para cabelos normais.\n\n\n\n\n\n\n\n![](https://1.bp.blogspot.com/-armnortcL8E/XeakQt3zNBI/AAAAAAAABbA/cjVBFXT2a7curXrzj5npQy-BYUIe4wBRgCLcBGAsYHQ/s400/images%2B%252817%2529.jpg)\n\n\n\n>  Aqui vai a dica de uma ampola mara: [Power Active da Luna](https://www.qualityluna.com.br/ampola-luna-system-power-active-18ml). Ela promove uma poderosa hidratação instantânea e ainda restaura o brilho e maciez dos fios na primeira aplicação. Podendo ser usada também como protetor térmico e reparador de pontas!\n\n\n\nPara os leitores do blog temos um desconto especial! Use o cupom ***CD19R*** nas suas compras e garanta a saúde dos seus fios!\n\n\n\n\n\n\n\n♥ [www.qualityluna.com.br](https://www.qualityluna.com.br/) ♥\n\n\n\n\n\n*Post by: [Rebeca](https://www.instagram.com/beca.soliveira/?hl=pt-br)*\n\n<!--EndFragment-->",
  "meta_title": "Benefícios da ampola no cabelo!",
  "meta_description": "Você costuma usar ampolas capilares para hidratar seus cabelos? As ampolas são práticas e eficientes, ótimas para aqueles dias que você precisa dar um up nos fios mas está sem tempo de fazer uma hidratação caprichada.",
  "thumbnail": "/img/uploads/107199641_619778052226117_2386455101053457797_n.jpg"
}