{
  "date": "2020-12-01T19:25:40.900Z",
  "title": "Como Parar o Corte Quimico?",
  "description": "Você percebeu que seus fios estão com pontas duplas ou triplas com pontinhos brancos? Fios elásticos, sem brilho, textura ressecada, áspera, e caem com facilidade?",
  "meta_description": "Você percebeu que seus fios estão com pontas duplas ou triplas com pontinhos brancos? Fios Se a sua resposta é sim!! Você deve começar a cuidar dos fios imediatamente, para controlar a situação. elásticos, sem brilho, textura ressecada, áspera, e caem com facilidade?",
  "meta_title": "Como Parar o Corte Quimico?",
  "body": "<!--StartFragment-->\n\nVocê percebeu que seus fios estão com pontas duplas ou triplas com pontinhos brancos? Fios elásticos, sem brilho, textura ressecada, áspera, e caem com facilidade?\n\n\n\n![Resultado de imagem para corte quimico desenho](https://cacheia.com/wp-content/uploads/2016/07/barber-156940_960_720.png)\n\n   Se a sua resposta é sim!! Você deve começar a cuidar dos fios imediatamente, para controlar a situação.\n\n Aposte em um corte discreto ou mais radical para retirar a parte não saudável com a tesoura.\n\n\n\n    Depois disso, o segredo é apostar num [cronograma capilar completo](https://www.qualityluna.com.br/kit-mascara-capilar-quality-luna), alternando **hidratações**, **reconstruções** e **nutrições** da maneira que o seu visual realmente precisa para se recompor o mais rápido possível.\n\n\n\n![](https://cdn.ecvol.com/s/www.qualityluna.com.br/produtos/kit-mascara-capilar-quality-luna/z/0.jpg?v=17)\n\n    E por falar em rapidez, vale reforçar: **nada de pressa, viu? O processo todo é feito aos poucos, no ritmo do seu cabelo.** Até que tudo volte ao normal, é melhor dar um tempinho na prancha, secador e babyliss, apostar nos produtos[ reparadores como o leave-in](https://www.qualityluna.com.br/reparador-de-pontas-luna-cristalli) e, claro, esperar um pouco até realizar outra química nos fios.\n\n\n\n![](https://cdn.ecvol.com/s/www.qualityluna.com.br/produtos/reparador-de-pontas-luna-cristalli/z/0.jpg?v=4)\n\n   O  **corte químico** acontece por algum tipo de erro no procedimento de aplicação de química, seja por tempo de **pausa inadequada, força do alisante, excesso e sobretudo** incompatibilidade de químicas, pode ocorrer o corte químico que é quando acontece uma desestruturação dos fios levando-os ao seu rompimento.\n\n[](https://www.qualityluna.com.br/)\n\n[Em nosso site você encontra produtos especifico para começar  a cuidar dos seus fios!](https://www.qualityluna.com.br/)\n\nPara tirar alguma dúvida, nos chame nos [whatssap 773424 6689](https://api.whatsapp.com/send?phone=557734246689)\n\n<!--EndFragment-->"
}