{
  "date": "2020-11-30T20:43:46.813Z",
  "title": "Dicas para você acabar com o frizz!",
  "thumbnail": "/img/uploads/cacho.jpg",
  "description": "Descubra como tirar o frizz do seu cabelo com as nossas dicas!",
  "body": "O frizz pode surgir devido a alta porosidade capilar, que impede o cabelo de absorver água e lipídeos, ambos ajudam os fios a ficarem comportados.\n\nTambém pode ocorrer devido a uma rotina capilar onde há muito atrito na fibra. Exemplo: água quente do chuveiro, muito uso de secador, etc.\n\nAlém disso, pode ser causado pelo nascimento de novos fios ao mesmo tempo, ocasionado por muita perda de cabelo.\n\nIndependente do motivo... **descubra como tirar o frizz do seu cabelo com as dicas abaixo:** \n\n**Dica 1: Não lave o cabelos todos os dias!**\nTente lavar os fios, no mínimo, um dia sim e um dia não.\n\n**Dica 2: Faça um Tratamento nos Fios!**\nMesmo que o seu cabelo não seja processado quimicamente, o sol, o vento e os raios solares acabam maltratando os fios, que irão requisitar um pouco de cuidado para ficarem sempre bonitos e alinhados.\n\n**Dica 3: Lave os cabelos com água fria!**\nÉ uma das melhores formas para combater o frizz, você pode fazer um último enxágue com a água fria.\n\n**Dica 4: Não penteie o cabelo quando ele estiver seco!**\nPentear o cabelo faz bem para o couro cabeludo, mas fazer isso quando estamos com muito frizz só vai piorar.\n\n**Dica 5: Use proteção térmica!**\nSe precisar secar os fios, lembre-se de usar um protetor térmico.\nRecomendamos o Luna System Brushing (Clique e conheça).\n\n**Dica 6: Use um Leave-in (creme para pentear)!**\nAo finalizar o cabelo, se houver algum frizz, aplique um pouco de creme para pentear (leave-in) vai fazer uma diferença enorme!\n\n**Dica 7: Use produtos profissionais!**\nOs produtos profissionais tem uma qualidade muito acima destes encontrados em supermercados. Invista em você e livre-se do frizz!\n\nConheça o[ Brushing e Selante Anti-Frizz](https://www.qualityluna.com.br/brushing-selante-anti-frizz-quality-cosmeticos) da Quality!\n\n![https://www.qualityluna.com.br/brushing-selante-anti-frizz-quality-cosmeticos](/img/uploads/brushingq.jpg \"Brushing Desfrisante Quality\")\n\nEle protege os cabelos do calor do secador, da prancha e do atrito da escova. Fortalece e realinha as cutículas deixando os cabelos lisos, macios e maleáveis, além de prolongar o efeito liso!\n\n[Clique aqui e garanta o seu!](https://www.qualityluna.com.br/brushing-selante-anti-frizz-quality-cosmeticos)",
  "meta_title": "Acabe com o frizz"
}