{
  "date": "2020-12-01T19:19:57.159Z",
  "title": "Entenda a diferença entre quebra e queda dos fios!",
  "thumbnail": "/img/uploads/quedaquebra2.png",
  "description": "Muitas mulheres sofrem com a queda capilar ou com a quebra de cabelo. Se você sofre com algum desses problemas, confira neste post como identificar o problema, quais as causas e como agir diante dele.",
  "body": "##### **Qual a diferença entre Quebra e Queda de cabelos?**\n\nÉ importante saber que a queda de cabelos é normal, mas só em certas quantidades (que variam de pessoa para pessoa). É parte do ciclo natural do crescimento dos fios.\n\nEntretanto, o aumento significativo dessa perda de cabelos em relação ao que você já está acostumado é sinal de que *alguma coisa está errada* e **precisa** ser *avaliado com atenção.*\n\n**Há muitos fatores interferem no ciclo capilar,** acelerando ou interrompendo as fases naturais. Alguns são apenas temporários e sazonais; outros são relacionados a alterações fisiológicas ou genéticas.\n\nProcure saber por que seu cabelo está caindo verificando o estado dos fios que se desprendem. É comum que a quebra do fio seja confundida com a queda de cabelo.\n\n**Para entender a diferença, é preciso observar de perto como são os fios que caíram.**\n\nSe eles forem menores (mais curtos) que o comprimento dos outros fios do cabelo e todos por igual, **trata-se de quebra** *(e não de queda).* \n\n**Fique atenta:** Usar excessivamente chapinha, secador e modelador de cachos, podem enfraquecer as mechas, deixando-as mais suscetíveis à quebra.\n\nAlém disso, hábitos como prender os fios molhados podem enfraquecer os fios. Se os fios que caíram forem mais compridos e com uma das pontas esbranquiçadas é provável que se trate de queda.\n\n##### **Mas como evitar?**\n\n![https://www.instagram.com/p/CEruSjxDOz7/](/img/uploads/quedaevitar.jpg \"Como evitar a queda capilar\")\n\n![https://www.instagram.com/p/CEruSjxDOz7/](/img/uploads/quebraevitar.jpg \"Como evitar a quebra capilar\")\n\nProdutos indicados: [Máscara Bi-complex](https://www.qualityluna.com.br/mascara-revitalizante-anticaspa-ph-40-150-ml-6928873), [Shampoo Bi-complex](https://www.qualityluna.com.br/shampoo-anticaspa-lunasystem), [Minoxidil](https://www.qualityluna.com.br/minoxidil-10-120ml) e [Cronograma Capilar](https://www.qualityluna.com.br/cronogrograma-cabelos-secos-e-normais-quality-cosmeticos)\n\nGostou do conteúdo? Siga a gente no [Instagram](https://www.instagram.com/qualityluna.com.br/)!",
  "meta_title": "Qual a diferença entre Quebra e Queda de cabelos?",
  "meta_description": "Qual a diferença entre Quebra e Queda de cabelos e como evitar?"
}