{
  "date": "2020-11-21T00:05:13.343Z",
  "title": "Óleo de Argan: Como usar?",
  "thumbnail": "/img/uploads/argan.jpg",
  "description": "O óleo de Argan da Luna System provavelmente você já conhece, mas sabe como usar? Veja também como ele pode fazer milagres para seu cabelo!",
  "body": "O Óleo de Argan da Luna System é formulado com o puro óleo de *nanoargan* mais um *blend* de óleos nobres. A fibra capilar fica nutrida e os cabelos disciplinados e luminosos, com alto brilho, intensa sedosidade e maciez. Surpreenda-se com os resultados. \n\nMuito versátil, pode ser usado em todos os tipos de cabelo: liso, cacheado, afro, tingidos e alisados.\n\n![](/img/uploads/antes.jpg)\n\nConheça um pouco sobre os óleos que compõem o Óleo de Argan Luna System:\n\n**ÓLEO DE NANOARGAN**\n\nExtraído das sementes da árvore de argan, este óleo considerado o ouro líquido de Marrocos, possui NanoArgan que garante perfeita penetração na fibra, preenchendo até as menores fissuras. \n\nCom isso, ocorre uma uniformização das cutículas e a reconstituição da fibra capilar. Uma película protetora é formada sem engordurar o cabelo, o que possibilita a obtenção dos benefícios de ultra hidratação e maciez.\n\n**ÓLEO DE CÁLAMO**\n\nExtraída de uma planta medicinal proveniente da Índia, o óleo modela, combate o frizz e promove a selagem dos fios, protegendo-os das agressões externas.\n\n**ÓLEO DE CAMÉLIA**\n\nCom vitamina F e Ômega 3 e 9, é rapidamente absorvido pelo cabelo o que torna um excelente hidratante sem deixá-lo oleoso, proporcionando brilho intenso.\n\n**ÓLEO DE PRACAXI**\n\nOriginário da Amazônia, proporciona força e resistência. Devolve o brilho e maciez nos cabelos danificados por processos químicos.\n\n**Modo de Usar:**\n\n**1 -** Para aprimorar a máscara: coloque algumas gotas misturadas ao cosmético e aplique depois do xampu e antes do condicionador. Funciona como \"transporte\" para os nutrientes chegaram até o interior da fibra capilar, potencializando o efeito da máscara.\n\n**2 -** Para proteger e hidratar como leave-in: algumas gotas (duas para cabelo curto e até cinco para o comprido) podem ser aplicadas nos fios antes de secarem completamente.\n\n**3 -** Para controlar o frizz e dar brilho: usados no comprimento e nas pontas quando o cabelo estiver seco tiram o arrepiado e selam as pontas duplas.\n\n**4 -** Para tratamento: aplique o óleo nos fios secos, massageando mecha por mecha, deixe agir por 10 minutos e enxágue.\n\n**Fácil, não é?**\n\n**Então, tá esperando o quê? [Garanta já o seu!](https://www.qualityluna.com.br/luna-system-oleo-argan?utm_source=BlogArgan&utm_medium=Blog&utm_campaign=BlogArgan)**",
  "meta_description": "O Óleo de Argan da Luna System é formulado com o puro óleo de *nanoargan* mais um *blend* de óleos nobres. A fibra capilar fica nutrida e os cabelos disciplinados e luminosos, com alto brilho, intensa sedosidade e maciez. Surpreenda-se com os resultados.",
  "meta_title": "Conheça um pouco sobre os óleos que compõem o Óleo de Argan Luna System e como usá-los!"
}