{
  "date": "2020-11-12T19:38:43.984Z",
  "title": "Possíveis causas para cabelos fracos e ralos",
  "description": "Conheça agora as possíveis causas para cabelos fracos e ralos.",
  "body": "<!--StartFragment-->\n\n*Muitos aspectos de nosso estilo de vida — desde o que comemos até como penteamos os cabelos — podem afetar a aparência de nossos cabelos. Isso quer dizer que ter um cabelo mais forte e volumoso está nas nossas mãos.*\n\n\n\n![](https://1.bp.blogspot.com/-xg9Blw9J7YQ/Xhcrb6OwQmI/AAAAAAAABeU/3M-9d0TmL6sVXAPDHZTI3di-kTQy9zmkACLcBGAsYHQ/s400/beneficios-ampolas.jpg)\n\n\n\n\n\n### 1. Banho Muito Quente\n\nQuando a temperatura da água é muito alta, você remove os óleos de proteção dos fios e faz com que os poros do couro cabeludo produzam um excesso de óleo para reposição, o que danifica a raiz e leva a ainda mais queda.\n\n### 2. Secador Muito Quente\n\nO ar quente do secador danifica as proteínas de seu cabelo, assim como a sua cutícula protetora causando um desequilíbrio de hidratação, e seu cabelo fica mais propenso à queda. Limite o uso do secador a no máximo duas ou três vezes por semana, e use a opção de ar menos quente. Além disso, utilize [protetor térmico](https://www.qualityluna.com.br/brushing-selante-anti-frizz-quality-cosmeticos) para proteger os fios do calos excessivo.\n\n### 3. Coçar a cabeça\n\nCoceira no couro cabeludo (como a causada pela caspa) pode resultar em enfraquecimento dos cabelos, devido a fricção. Uma vez que a cutícula se danifique, a fibra do cabelo ficará suscetível à quebra. Para resolver o problema, utilize algum [shampoo anti-caspa](https://www.qualityluna.com.br/shampoo-anticaspa-lunasystem).\n\n### 4. Escova Progressiva\n\nFazer uma alteração na estrutura do fio (alisar ou relaxar) sempre trará um dano ao cabelo. A diferença está em quanto tempo este fio se restabelece. Alguns processos ‘selam’ o fio de maneira que este não consegue absorver a [hidratação](https://www.qualityluna.com.br/three-force-micro-emulsao-300g) e resseca. O resultado são cabelos pesados, opacos e cheio de fios arrebentados. Como eles perdem proteínas e aminoácidos os fios acabam ficando mais finos.\n\n\n\n### 5. Falta de Proteção Solar\n\nA exposição prolongada a raios UV tiram toda a força e elasticidade dos seus cabelos. O sol excessivo provoca a o enfraquecimento e quebra das camadas das cutículas, levando a cabelos quebradiços e à eventual queda dos fios. Portanto, para proteger seu cabelo do sol forte: use [leave-ins com protetor solar](https://www.qualityluna.com.br/brushing-defrisante-luna-system), ou também chapéu e até lenços.\n\n\n\n\n\nPara nossas leitoras temos um cupom de desconto especial \n\n**\" CD19R \"**\n\n\n\n\n\n\n\n♥ [www.qualityluna.com.br](http://www.qualityluna.com.br/) ♥\n\n\n\n\n\n*Post by: [Rebeca](https://www.instagram.com/beca.soliveira/?hl=pt-br)*\n\n<!--EndFragment-->",
  "meta_title": "Possíveis causas para cabelos fracos e ralos - Blog da QualityLuna",
  "meta_description": "Nessa blog você vai conhecer as possíveis causas para cabelos fracos e ralos. Muitos aspectos de nosso estilo de vida — desde o que comemos até como penteamos os cabelos — podem afetar a aparência de nossos cabelos.",
  "thumbnail": "/img/uploads/cabelo.png"
}