{
  "date": "2020-12-01T19:05:38.579Z",
  "title": "Quebra ou queda de cabelo?",
  "description": "Você sabe identificar se seu cabelo está quebrando ou se está caindo? Nesse post vamos te ensinar a analisar seus fios!",
  "meta_description": "Você sabe identificar se seu cabelo está quebrando ou se está caindo? Nesse post vamos te ensinar a analisar seus fios!",
  "meta_title": "Quebra ou queda de cabelo?",
  "body": "<!--StartFragment-->\n\n[![](https://1.bp.blogspot.com/-0mHCYihFm_k/XcryWJRgRuI/AAAAAAAABUk/sQck8onassYFP2y_lkr6OsV_rgor2HaNACEwYBhgL/s640/diferenca-queda-e-quebra.jpg)](https://1.bp.blogspot.com/-0mHCYihFm_k/XcryWJRgRuI/AAAAAAAABUk/sQck8onassYFP2y_lkr6OsV_rgor2HaNACEwYBhgL/s1600/diferenca-queda-e-quebra.jpg)\n\n\\\n\\\n\\\n\\\nA queda de cabelo e a quebra dos fios são dois problemas capilares que afetam a densidade e resultam na perda de volume das madeixas, o que confunde muitas mulheres.\\\n\\\nApesar de possuírem sintomas parecidos, os quadros são bastante diferentes e possuem causas distintas, o que também diferencia o tratamento dos problemas.\\\n\\\nPor isso, é importante saber identificar se seus cabelos estão caindo ou simplesmente se partindo.\\\n\\\nUma dica rápida para saber é fazer uma avaliação em casa: puxe os fios levemente entre os dedos e verifique se eles caem com uma massinha branca na ponta. Se isso ocorrer, é porque está havendo queda e não quebra.\\\n\\\n**Como tratar a queda?**\n\n![](https://1.bp.blogspot.com/-yXgJ3UkBSyI/Xcr0ray7PmI/AAAAAAAABV0/qGNT2ZVHcuo65mNtoAr77-RktvWGtwVvACLcBGAsYHQ/s400/images%2B%252815%2529.jpg)\n\n\\\n\\\nA queda de cabelo pode estar ligada a problemas emocionais e hormonais. Especialistas afirmam que, normalmente, caem em média 100 fios por dia, uma quantidade para as pessoas que têm, em média, 70 mil fios de cabelo.\\\n\\\nPorém, quando a queda incomoda e parece anormal, é importante verificar informações com um dermatologista para que ele veja qual é a causa do problema e ofereça um tratamento específico.\\\n\\\nGeralmente, a calvície nas mulheres atinge a região da frente e as laterais do cabelo, não se espalhando por todo o couro cabeludo.\\\n\\\nPara evitar que seus cabelos caiam, mantenha-os sempre fortalecidos e saudáveis, com produtos [antiqueda](https://www.qualityluna.com.br/busca?b=anticaspa) e [fortalecedores](https://www.qualityluna.com.br/plus-three-power-micro-emulsao-500g).\\\n\\\nPreserve sempre seus fios limpos e saudáveis, pois higienizá-los corretamente ajuda as madeixas a não se desprenderem da raiz com facilidade.\\\n\\\nComo a dermatite seborreica também favorece a queda, quem já foi diagnosticado com a doença pode utilizar [shampoo anticaspa](https://www.qualityluna.com.br/shampoo-anticaspa-lunasystem), que são indicados para tratar o couro cabeludo e reduzir o problema.\\\n\\\n**Como tratar a quebra?**\n\n![](https://1.bp.blogspot.com/-jWlUxixnz9Y/Xcr0rfHQUtI/AAAAAAAABV8/Az0OwdfEkUgCpPEwft5QUUQQoon1IjlMACEwYBhgL/s400/images%2B%25281%2529.jpg)\n\n\\\nA quebra pode ser notada ao passar a mão pelo couro cabeludo e sentir os “toquinhos” dos fios. A quebra de cabelo acontece quando o fio não cai pela raiz e sim sofre algum estresse que o deixa enfraquecido.\\\n\\\nFatores ambientais como o excesso de sol e de vento, mudanças bruscas de temperatura, o cloro da piscina e processos químicos podem deixar os fios quebradiços.\\\n\\\nOutras causas da quebra: Procedimentos químicos como alisamento, tintura, relaxamento e escovações exageradas.\\\n\\\nA maior causa para a quebra de cabelo é o uso de químicas inadequadas ou má aplicação de produtos por profissionais que não estão preparados.\\\n\\\nNesse caso, o melhor caminho é diminuir e até mesmo cortar o uso desses elementos, uma boa dica é investir em tratamentos mais eficazes como um [cronograma capilar](https://www.qualityluna.com.br/kit-mascara-capilar-quality-luna).\\\n\\\nPor se tratar de um tratamento a médio prazo, o cronograma capilar garante [hidratação](https://www.qualityluna.com.br/three-force-micro-emulsao-300g), [nutrição](https://www.qualityluna.com.br/plus-duo-instantaneo-250g), [regeneração](https://www.qualityluna.com.br/reconstrutor-intensivo-semanal-plus-300ml) e proteção do fio, interrompendo a quebra.\\\n\\\nManter as pontas saudáveis também ajuda. Tratamentos com[ óleo de argan](https://www.qualityluna.com.br/luna-system-oleo-argan) nas pontas ajuda no fortalecimento.\n\n![](https://1.bp.blogspot.com/-Md8QYcHvvJI/Xcry1XqK7VI/AAAAAAAABVQ/2bhLom1nl8gy0BAf3UvykziZgEYFcRB9QCEwYBhgL/s400/quebra-cabelo.jpg)\n\n\\\n**Dicas:**\n\n*  Diminuir o uso frequente de ferramentas de calor, como secador e chapinha, que fazem com que os fios fiquem mais fracos e suscetíveis à quebra, e sempre utilizar [protetores térmicos](https://www.qualityluna.com.br/brushing-selante-anti-frizz-quality-cosmeticos).\n* Cuide dos fios na hora de lavar. Desembaraçar os cabelos apenas quando estiverem molhados para que o pente deslize nos fios sem quebrá-los. Use elásticos de tecido, sem partes metálicas, que podem deixar os fios enganchados e parti-los.\n* Ao notar alguma diferença nos cabelos, é importante não deixar passar muito tempo e procurar um médico especialista. Ele será capaz de encontrar as causas dos problemas e oferecer as melhores soluções para seus fios.\n\n\n\n>  Para você que leu até aqui temos um desconto especial » CD19R « aproveite nossas promoções!\n\n♥ <https://www.qualityluna.com.br/> ♥\\\n\\\nPost by: [Rebeca](https://www.instagram.com/beca.soliveira/)\n\n<!--EndFragment-->",
  "thumbnail": "/img/uploads/diferenca-queda-e-quebra.jpg"
}