{
  "youtube": "https://www.youtube.com/channel/UCGJWNUnCfbkfyrsMlAO2f-g",
  "facebook": "https://www.facebook.com/lojaqualityluna",
  "phone": "",
  "doc_number": "04.616.246/0001-43",
  "whatsapp": "(77) 3424-6689",
  "instagram": "https://www.instagram.com/qualityluna.com.br",
  "twitter": "http://www.google.com/safebrowsing/diagnostic?site=www.qualityluna.com.br",
  "address": "Rua Treze de Maio, 17 - Centro - Vitória da Conquista/BA",
  "pinterest": "https://pt.pinterest.com/lojaqualityluna/",
  "email": "sac@qualityluna.com.br"
}