{
  "description": {
    "title": "Quality Luna",
    "text": "Os melhores produtos para cuidar do seus cabelos. Compre Online e receba em casa com toda segurança e comodidade. "
  },
  "links_1": {
    "list_pages": true,
    "title": "Mais Informações",
    "list": []
  },
  "links_2": {
    "list_categories": true,
    "title": "Categorias",
    "list": []
  },
  "contacts": {
    "title": "Contatos",
    "phone_wpp": true,
    "socials": false,
    "email": false,
    "address": true
  },
  "stamps": [
    {
      "src": "/img/uploads/ssl-safe.png",
      "alt": "SSL"
    },
    {
      "src": "/img/uploads/norton.png",
      "link": "",
      "alt": "Norton"
    },
    {
      "src": "/img/uploads/google.png",
      "link": "",
      "alt": "Google Safe"
    },
    {
      "src": "/img/uploads/selo-clique.png",
      "link": "https://cliquewebmarketing.com.br"
    }
  ],
  "payment_methods": {
    "bb": true,
    "visa": true,
    "boleto": true,
    "aura": false,
    "banrisul": false,
    "elo": true,
    "hipercard": true,
    "hsbc": false,
    "bradesco": false,
    "santander": false,
    "mastercard": true,
    "citibank": false,
    "hiper": true,
    "diners": true,
    "mais": false,
    "amex": true,
    "itau": false
  },
  "credits": ""
}